timestamp,source_ip,type,sensitivity,status
2024-06-05T10:12:45.123Z,192.168.1.100,normal,LOW,INFO
2024-06-05T10:13:12.456Z,192.168.1.101,normal,MEDIUM,INFO
2024-06-05T10:14:23.789Z,192.168.1.102,normal,HIGH,INFO
2024-06-05T10:15:34.321Z,192.168.1.103,probe,LOW,ALERT
2024-06-05T10:16:45.654Z,192.168.1.104,probe,MEDIUM,ALERT
2024-06-05T10:17:56.987Z,192.168.1.105,attack,HIGH,ALERT
2024-06-05T10:18:07.123Z,192.168.1.106,anomaly,MEDIUM,ALERT
2024-06-05T10:19:18.456Z,192.168.1.107,normal,LOW,INFO
2024-06-05T10:20:29.789Z,192.168.1.108,normal,MEDIUM,INFO
2024-06-05T10:21:30.321Z,192.168.1.109,attack,HIGH,ALERT
2024-06-05T10:22:31.654Z,192.168.1.110,normal,LOW,INFO
2024-06-05T10:23:32.987Z,192.168.1.111,normal,MEDIUM,INFO
2024-06-05T10:24:33.123Z,192.168.1.112,normal,HIGH,INFO
2024-06-05T10:25:34.456Z,192.168.1.113,probe,LOW,ALERT
2024-06-05T10:26:35.789Z,192.168.1.114,probe,MEDIUM,ALERT
2024-06-05T10:27:36.321Z,192.168.1.115,attack,HIGH,ALERT
2024-06-05T10:28:37.654Z,192.168.1.116,anomaly,MEDIUM,ALERT
2024-06-05T10:29:38.987Z,192.168.1.117,normal,LOW,INFO
2024-06-05T10:30:39.123Z,192.168.1.118,normal,MEDIUM,INFO
2024-06-05T10:31:40.456Z,192.168.1.119,attack,HIGH,ALERT
2024-06-05T10:32:41.789Z,192.168.1.120,normal,LOW,INFO
2024-06-05T10:33:42.321Z,192.168.1.121,normal,MEDIUM,INFO
2024-06-05T10:34:43.654Z,192.168.1.122,normal,HIGH,INFO
2024-06-05T10:35:44.987Z,192.168.1.123,probe,LOW,ALERT
2024-06-05T10:36:45.123Z,192.168.1.124,probe,MEDIUM,ALERT
2024-06-05T10:37:46.456Z,192.168.1.125,attack,HIGH,ALERT
2024-06-05T10:38:47.789Z,192.168.1.126,anomaly,MEDIUM,ALERT
2024-06-05T10:39:48.321Z,192.168.1.127,normal,LOW,INFO
2024-06-05T10:40:49.654Z,192.168.1.128,normal,MEDIUM,INFO
2024-06-05T10:41:50.987Z,192.168.1.129,attack,HIGH,ALERT 